"Year","Country","JanTemperature","FebTemperature","MarTemperature","AprTemperature","MayTemperature","JunTemperature","JulTemperature","AugTemperature","SepTemperature","OctTemperature","NovTemperature","DecTemperature","JanRain","FebRain","MarRain","AprRain","MayRain","JunRain","JulRain","AugRain","SepRain","OctRain","NovRain","DecRain","ATemperature","AMaxTemperature","AMinTemperature","APrecipitation"
1901,"Russia",-29.268,-22.378,-15.53,-6.1767,2.52603,11.0834,14.1427,12.008,4.67951,-6.4812,-17.308,-26.783,16.8664,15.4467,17.0428,23.882,28.232,37.2956,55.3841,59.8041,38.6024,27.6649,30.2672,24.9983,NA,NA,NA,NA
1902,"Russia",-28.835,-24.389,-19.914,-9.7709,0.39964,9.78632,14.7079,11.4739,5.01936,-8.2628,-22.062,-27.556,20.7964,15.6696,18.4862,18.9577,29.5798,48.5079,57.6636,61.3739,48.7506,32.7596,22.0308,20.7672,NA,NA,NA,NA
1903,"Russia",-27.244,-20.479,-16.437,-7.6843,2.05665,9.90889,14.9618,11.4819,5.23789,-6.3489,-16.36,-27.245,19.2423,16.2769,14.7867,20.8607,32.9919,46.9452,55.9846,67.6503,46.8051,34.0438,23.5462,17.666,NA,NA,NA,NA
1904,"Russia",-26.724,-25.614,-16.204,-7.258,2.11244,10.0392,13.6832,12.1117,4.42063,-5.1575,-15.065,-24.562,16.1434,19.8276,11.8412,16.7656,34.1458,50.5998,58.8289,59.6673,38.5878,29.8454,25.8623,22.3961,NA,NA,NA,NA
1905,"Russia",-25.252,-24.238,-17.887,-8.4847,1.83159,9.34612,14.0897,11.3806,5.56286,-5.3104,-18.109,-24.889,18.3311,12.473,12.9059,18.2491,34.3893,46.2084,60.1399,60.8095,51.3399,41.1386,28.2371,23.6902,NA,NA,NA,NA
1906,"Russia",-30.016,-26.714,-15.774,-4.8676,2.76263,12.0004,14.2216,12.9711,5.5973,-4.2648,-19.609,-21.341,19.373,12.6813,22.8325,16.3209,36.1613,50.3673,65.1395,61.6054,39.8994,31.2812,26.1056,24.3509,NA,NA,NA,NA
1907,"Russia",-30.033,-24.826,-16.672,-5.7976,1.92526,10.0887,14.4924,12.3501,5.99311,-4.4616,-19.599,-29.503,17.4251,10.971,12.665,20.481,37.3978,46.0197,59.0711,62.8971,40.0686,31.1111,22.0039,23.1269,NA,NA,NA,NA
1908,"Russia",-30.689,-23.815,-20.123,-7.92,2.77528,11.4985,14.9848,11.9511,6.29237,-4.5382,-19.466,-27.389,17.9817,14.5769,12.8917,15.8348,37.4373,53.0487,54.8788,63.1464,43.3112,32.1136,24.2654,20.5999,NA,NA,NA,NA
1909,"Russia",-29.554,-24.728,-20.794,-7.9154,1.31174,10.3338,15.3057,12.7159,5.64571,-3.9992,-17.335,-24.637,16.4439,12.7032,13.4329,24.0872,32.0556,45.6283,66.9199,58.4727,39.6504,27.1588,31.9882,22.1559,NA,NA,NA,NA
1910,"Russia",-27.81,-22.398,-19.638,-7.4969,2.53168,10.3136,15.3588,12.6926,5.8518,-5.4503,-20.207,-27.152,20.4701,12.624,15.4766,19.1537,27.948,46.7405,58.8967,61.0546,40.4453,30.2882,26.4876,22.823,NA,NA,NA,NA
1911,"Russia",-28.575,-25.517,-19.805,-6.8105,1.46765,10.6921,15.033,12.1087,4.43528,-4.7189,-15.811,-25.584,15.3528,14.7549,13.4016,21.5679,28.1078,46.6071,55.1541,60.2809,43.5251,32.2273,28.9287,18.9971,NA,NA,NA,NA
1912,"Russia",-26.572,-27.232,-21.008,-7.1303,2.4256,10.8805,13.3465,10.6519,4.68439,-9.4333,-18.92,-27.438,21.0824,17.0111,18.641,24.2137,37.5732,54.9583,58.2618,60.5244,36.7613,30.9803,25.6728,21.8994,NA,NA,NA,NA
1913,"Russia",-28.92,-27.24,-15.596,-8.1387,1.65994,10.3828,13.9912,12.1301,5.18176,-5.8797,-18.032,-21.956,16.6984,13.647,20.874,18.8074,29.5789,47.7314,62.0481,63.1709,42.9725,30.4628,30.7325,25.4343,NA,NA,NA,NA
1914,"Russia",-26.169,-21.544,-19.566,-8.0622,2.58409,10.8097,14.2169,12.5367,5.62577,-5.604,-19.82,-23.088,21.1171,16.1405,19.2214,20.9068,33.4339,47.0165,60.9052,58.8389,44.909,25.6873,23.288,19.6274,NA,NA,NA,NA
1915,"Russia",-30.66,-25.973,-18.912,-7.3903,3.71808,11.2225,15.3439,11.2981,4.73446,-7.8611,-18.638,-28.307,20.8875,17.6568,18.181,17.9013,32.8218,59.6068,57.9157,58.5993,50.6575,27.7443,26.4721,24.4058,NA,NA,NA,NA
1916,"Russia",-26.244,-24.324,-19.13,-8.6432,0.77057,10.0072,14.2887,11.7417,5.01664,-4.157,-17.961,-29.331,22.1567,13.2503,10.4695,18.061,33.0668,48.8127,57.1719,71.5102,43.4594,28.9725,25.6187,18.4889,NA,NA,NA,NA
1917,"Russia",-28.089,-26.144,-19.005,-6.478,3.2954,11.1145,14.7494,11.4602,5.79499,-5.5357,-17.898,-24.032,18.3964,14.6501,15.328,19.9731,25.892,39.1274,61.5035,59.9929,44.9112,30.4905,27.3013,17.9939,NA,NA,NA,NA
1918,"Russia",-26.173,-24.866,-16.973,-7.1048,0.7436,10.581,14.1221,11.6131,5.75956,-4.7116,-18.042,-28.038,21.052,13.7467,15.503,15.7879,27.1129,49.1236,65.2395,57.1797,46.6987,31.0802,21.9024,19.6927,NA,NA,NA,NA
1919,"Russia",-31.113,-28.111,-19.514,-7.0034,1.35372,10.1065,14.4744,12.8052,6.69777,-3.0504,-19.456,-25.107,13.5601,17.9687,17.059,20.7774,26.5212,48.8747,63.6258,70.757,46.4315,35.2451,27.4559,21.8331,NA,NA,NA,NA
1920,"Russia",-25.292,-24.713,-14.198,-4.7259,3.87625,10.9553,14.7148,12.9938,4.87241,-7.445,-19.443,-27.34,22.2167,12.7677,15.0878,20.9699,29.9737,53.2153,56.9053,56.2304,36.633,29.5911,21.9965,18.2565,NA,NA,NA,NA
1921,"Russia",-25.019,-23.225,-16.561,-7.0524,2.26186,12.038,15.0972,12.1888,5.63406,-5.0807,-16.021,-27.033,22.9531,13.0704,17.0298,17.5803,34.2314,44.9595,60.3068,54.5918,45.8686,33.0924,21.889,21.9948,NA,NA,NA,NA
1922,"Russia",-29.126,-28.428,-16.344,-7.768,2.74328,11.6733,15.1876,11.7301,4.90899,-6.1471,-18.395,-22.755,16.7894,15.4867,19.7456,21.2064,36.3951,52.8437,70.1515,63.9199,43.3354,35.6375,27.1449,22.8056,NA,NA,NA,NA
1923,"Russia",-26.996,-25.914,-17.074,-8.9282,1.38862,11.0038,14.4958,12.6688,6.35181,-3.9959,-17.539,-23.717,18.9862,11.6477,15.4758,19.9215,32.8071,48.4959,68.7927,66.4133,40.6503,40.1808,31.1959,22.4503,NA,NA,NA,NA
1924,"Russia",-28.763,-25.596,-17.485,-8.1367,3.19533,10.1173,14.9534,12.3596,6.43601,-5.1017,-14.04,-22.596,17.5333,11.7139,16.1281,22.1902,34.9765,49.9562,69.8982,56.5479,45.5705,31.3155,27.6689,20.9925,NA,NA,NA,NA
1925,"Russia",-22.278,-24.673,-18.332,-7.4778,2.06668,9.87971,14.0798,12.1671,5.75828,-3.9094,-16.635,-24.276,18.6178,15.5024,18.6399,19.7455,29.9063,53.6368,57.3038,62.9492,50.1784,32.984,28.2983,23.7722,NA,NA,NA,NA
1926,"Russia",-25.375,-25.91,-14.119,-7.2613,0.73991,10.2362,14.0734,12.5302,5.91471,-4.6658,-16.396,-25.395,17.3279,12.2077,16.2976,18.5833,30.7874,45.0328,61.3907,64.6697,47.1984,37.4151,26.9222,20.8215,NA,NA,NA,NA
1927,"Russia",-29.816,-24.283,-19.883,-7.0077,3.87112,11.5972,14.3151,12.1041,6.84854,-3.8998,-16.341,-25.932,15.6231,12.0691,15.7894,24.6666,35.932,51.9719,71.774,62.4934,47.307,38.2811,32.1738,20.2067,NA,NA,NA,NA
1928,"Russia",-27.083,-24.64,-18.867,-7.5899,1.86798,10.397,14.5329,12.8083,5.59684,-4.6182,-18.019,-24.315,17.2572,12.8018,11.8918,20.0135,30.7873,58.0376,64.0188,63.7004,45.7182,34.6974,26.4155,16.67,NA,NA,NA,NA
1929,"Russia",-29.299,-27.453,-18.202,-8.1515,2.32214,10.4663,14.5928,12.1262,4.89236,-3.8009,-16.588,-27.416,14.0118,10.6387,19.006,24.9483,29.5488,50.4996,68.7748,61.8032,41.6634,37.0164,24.7162,15.8639,NA,NA,NA,NA
1930,"Russia",-23.655,-27.199,-16.241,-8.4738,1.99412,10.7178,14.5224,12.6372,5.00497,-5.1543,-15.166,-26.55,18.9624,14.2773,20.3708,17.6464,32.3126,47.4489,63.7724,58.3239,45.9363,33.5647,29.3781,18.5143,NA,NA,NA,NA
1931,"Russia",-30.755,-27.86,-17.259,-8.9621,2.21678,11.2037,15.2058,12.8302,6.48058,-2.7747,-16.599,-23.563,17.4425,9.49038,18.9539,17.3244,27.3389,47.8264,53.7634,60.4254,49.7017,37.5936,20.9836,21.5736,NA,NA,NA,NA
1932,"Russia",-23.225,-24.387,-17.662,-5.6523,2.15395,10.7417,15.4639,12.7827,7.24783,-3.1965,-18.32,-23.861,20.8727,12.9858,15.9534,22.162,32.9635,56.1351,57.4635,49.8484,41.1363,40.5296,27.8039,20.9844,NA,NA,NA,NA
1933,"Russia",-28.24,-27.44,-19.463,-7.3197,0.9871,9.9361,14.7243,12.1466,4.86825,-3.7626,-17.631,-25.145,12.1896,12.0645,15.503,21.4815,33.8651,44.3536,63.8309,67.0891,44.9607,28.0892,26.8081,20.3575,NA,NA,NA,NA
1934,"Russia",-24.411,-19.355,-17.583,-8.4827,3.78032,10.8663,14.5029,12.0833,4.74029,-3.8447,-15.4,-23.964,13.5301,14.0333,12.7524,18.2039,31.0008,50.2065,52.5999,57.934,37.782,34.8495,25.7766,16.1187,NA,NA,NA,NA
1935,"Russia",-26.905,-20.18,-17.628,-8.3084,2.59402,10.8621,14.6958,12.2793,6.04634,-5.142,-18.652,-24.48,15.3403,16.4987,15.1409,21.7304,35.9654,49.8408,65.1436,65.73,50.0875,38.6366,20.8287,17.6439,NA,NA,NA,NA
1936,"Russia",-28.38,-25.465,-18.652,-6.274,2.73383,10.9598,15.6833,12.4072,6.43571,-4.3497,-16.691,-21.168,17.751,13.9133,12.736,16.6417,24.9246,50.1203,62.3248,60.5675,49.8496,38.2432,27.6198,20.5361,NA,NA,NA,NA
1937,"Russia",-24.313,-22.679,-20.167,-7.8451,2.75181,11.5713,14.6155,11.5885,6.21825,-3.8395,-16.52,-24.993,15.6657,15.7179,14.8058,16.7176,29.3837,50.0003,73.2042,59.3952,49.1818,33.8957,22.6161,23.0673,NA,NA,NA,NA
1938,"Russia",-25.464,-23.209,-15.649,-4.1981,3.04945,11.1887,15.1174,12.8638,6.53541,-5.5481,-14.47,-26.944,15.7924,16.2887,18.3073,28.0002,36.1163,58.4874,63.432,64.1829,40.4868,34.3114,28.5123,15.0915,NA,NA,NA,NA
1939,"Russia",-28.837,-21.417,-16.336,-6.3774,2.34008,11.9677,14.2522,12.1885,5.40003,-5.2949,-16.481,-21.007,16.2851,15.6541,13.5548,24.7159,33.8918,52.422,62.9668,64.3044,48.4841,33.727,23.5122,22.2529,NA,NA,NA,NA
1940,"Russia",-30.06,-24.291,-16.929,-5.648,2.26018,11.2759,14.7936,12.6555,5.64161,-7.2441,-16.932,-25.988,13.8279,12.2277,18.4057,24.5887,29.1309,52.0549,69.3596,63.9289,46.0805,32.6969,30.5552,21.2728,NA,NA,NA,NA
1941,"Russia",-29.312,-27.025,-20.294,-9.0714,2.2444,11.1534,14.9649,12.4843,5.62259,-4.3622,-19.197,-27.785,16.8022,13.3687,16.6978,23.3751,34.2569,61.3779,65.227,67.6991,51.1931,37.7972,22.704,18.5588,NA,NA,NA,NA
1942,"Russia",-26.057,-25.571,-21.579,-8.3606,2.32677,11.0448,14.769,11.5881,5.99703,-5.4303,-17.187,-21.479,16.2558,12.0125,14.4095,18.7498,32.7042,60.9264,72.7412,69.1988,44.2153,39.5386,28.2067,21.0406,NA,NA,NA,NA
1943,"Russia",-27.204,-21.87,-14.584,-3.3534,5.28165,11.2919,14.5964,12.3886,6.48948,-3.3688,-17.098,-24.145,16.0022,14.2216,13.0247,23.2451,40.9509,56.0947,70.2927,68.2497,52.4916,33.154,23.7982,21.0589,NA,NA,NA,NA
1944,"Russia",-24.081,-22.412,-15.168,-6.6398,3.29898,10.4734,14.1317,11.9942,7.15234,-4.0847,-17.992,-23.531,17.5277,14.6173,18.6665,20.526,39.6927,55.8207,74.4478,65.3468,48.2608,36.2568,22.3252,17.9972,NA,NA,NA,NA
1945,"Russia",-27.429,-25.647,-19.386,-4.8809,3.51026,11.4864,14.3202,13.0138,6.26104,-3.609,-17.268,-27.282,11.991,10.5318,14.6331,25.1194,39.0518,56.5856,68.7838,62.0612,50.1191,36.1001,25.4066,20.2122,NA,NA,NA,NA
1946,"Russia",-26.809,-25.418,-19.142,-6.2802,1.88781,10.238,14.8736,12.192,4.2222,-5.7075,-17.605,-26.839,17.2793,17.3797,14.3899,21.4333,28.8285,54.5061,69.392,68.4417,49.6397,33.2287,28.1124,16.8541,NA,NA,NA,NA
1947,"Russia",-28.996,-26.001,-17.13,-5.1303,2.92839,10.9849,13.9508,11.6614,5.97605,-1.7655,-17.706,-25.61,14.4595,16.0438,19.1171,23.5496,35.8656,52.4332,63.2042,63.2402,42.7975,35.4495,28.0984,19.6171,NA,NA,NA,NA
1948,"Russia",-25.098,-23.927,-16.132,-5.5329,4.12759,11.5065,14.581,12.2146,6.07301,-3.3383,-14.944,-24.868,21.9237,17.2502,16.1146,26.1656,35.351,55.8148,73.959,69.2596,44.5405,40.597,25.854,18.9336,NA,NA,NA,NA
1949,"Russia",-22.675,-23.822,-17.094,-5.5532,3.18849,10.2342,13.6167,12.2871,5.57333,-3.335,-19.329,-25.112,20.6533,15.2259,11.5006,21.0811,39.925,54.4546,65.8608,70.3674,43.1851,35.1033,21.7036,22.334,NA,NA,NA,NA
1950,"Russia",-28.673,-24.168,-16.986,-6.6985,2.32999,10.8125,13.6387,11.4873,5.49442,-4.7015,-19.186,-24.285,18.2567,16.9857,15.4212,21.8796,33.7423,57.9302,73.0812,67.5597,49.643,34.826,29.8477,21.8642,-6.5,0.35,-14.3,NA
1951,"Russia",-28.688,-28.546,-17.685,-5.5839,2.58313,10.4133,14.3711,12.178,6.73832,-3.3987,-17.124,-20.032,17.902,10.3262,21.1322,20.9913,38.5127,52.641,72.8657,63.5404,45.1211,29.1399,24.9053,27.1067,NA,NA,NA,NA
1952,"Russia",-26.448,-25.158,-19.424,-8.116,1.81545,10.7432,15.3169,12.3614,6.58965,-6.7277,-21.801,-27.015,21.1328,13.7492,15.751,19.5619,33.673,52.3494,67.4488,72.4599,50.8687,42.8005,24.1783,20.9414,-5.4,2.6,-13.6,NA
1953,"Russia",-26.714,-25.498,-16.473,-4.2167,3.60247,12.0114,15.5915,12.432,5.55175,-4.4685,-19.21,-22.524,20.2939,14.6428,18.7146,18.3264,36.3764,50.4614,71.7234,66.984,53.9523,38.4814,23.6061,21.8361,NA,NA,NA,NA
1954,"Russia",-28.053,-27.272,-17.962,-5.8868,2.106,12.0238,15.4769,12.6797,5.61789,-3.6038,-17.343,-24.339,20.5283,12.9543,18.4561,19.6856,27.4682,51.1288,65.1053,62.0982,56.3975,41.5141,27.2739,21.702,NA,NA,NA,NA
1955,"Russia",-22.866,-26.902,-20.97,-7.8219,3.04454,11.2242,14.2359,12.2767,5.06731,-4.2601,-17.71,-27.711,22.7262,19.3203,18.9366,18.5527,39.2853,53.3248,63.1135,62.795,45.1695,36.6584,31.7292,28.4576,NA,NA,NA,NA
1956,"Russia",-27.092,-25.818,-17.847,-9.2689,2.13194,11.7847,14.6176,11.4611,4.55214,-6.2154,-17.771,-23.442,24.0786,13.5779,14.1978,25.8911,32.4738,47.3731,70.8781,67.0902,52.6321,44.1269,30.3815,23.6942,NA,NA,NA,NA
1957,"Russia",-24.861,-25.232,-20.25,-7.345,3.73109,11.6443,14.5732,12.4692,5.49192,-5.8151,-19.464,-24.027,25.6053,19.9995,17.8297,21.264,35.3729,53.6967,63.1931,62.0108,53.1926,42.4478,28.8413,29.0987,NA,NA,NA,NA
1958,"Russia",-26.63,-24.311,-20.516,-9.0793,1.41318,9.9488,14.3101,12.0004,4.0834,-5.637,-17.996,-26.576,23.6867,20.7529,19.2265,20.2464,36.0173,52.3964,67.8124,61.1815,50.6281,37.9701,28.1295,27.33,NA,NA,NA,NA
1959,"Russia",-25.778,-23.146,-14.305,-7.6399,2.83649,12.0605,14.5884,12.7876,6.25956,-5.8284,-16.887,-26.263,27.6837,16.3506,15.9466,28.4638,31.2427,49.2304,70.5111,65.8252,54.8722,34.4859,24.3025,22.3762,-3.46666666666667,1.23333333333333,-9.45,NA
1960,"Russia",-28.703,-25.411,-19.786,-7.3685,2.04991,11.5949,14.6894,11.2816,5.29984,-6.7772,-19.782,-22.471,21.3196,21.8238,16.7352,19.5185,25.493,57.2448,63.984,71.3212,50.2638,37.106,28.4698,25.962,-5.22,0.2,-11.6,4080.19
1961,"Russia",-27.183,-22.6,-15.074,-7.2277,2.45741,10.6099,14.5858,11.6628,5.77884,-5.7358,-17.337,-24.696,21.8263,17.6109,21.939,29.3961,35.7302,51.1634,71.6206,70.0218,52.0427,31.7265,32.2145,26.0635,-4.675,0.6375,-12.1285714285714,916.273333333333
1962,"Russia",-23.124,-21.011,-16.37,-5.1207,3.68899,10.124,15.0821,11.8004,5.37385,-5.5281,-18.038,-24.372,25.3543,18.2422,21.6258,25.4241,37.8412,55.7773,68.1627,57.8742,50.1842,35.4639,25.7267,29.214,-2.97777777777778,2.42222222222222,-9.17777777777778,1048.785
1963,"Russia",-25.314,-21.936,-18.714,-8.3531,2.18322,9.98705,14.6432,12.1414,5.51048,-4.2525,-16.095,-24.382,23.7659,19.4318,18.3083,20.029,28.7381,54.2599,65.7438,61.6674,43.7323,40.0533,37.7929,26.3511,-3.48888888888889,1.67777777777778,-9.7,1271.99
1964,"Russia",-26.766,-24.659,-19.736,-9.679,2.08452,10.8914,14.8804,11.9567,5.24115,-5.9011,-18.419,-23.645,21.8499,13.7037,17.6834,19.4123,38.8608,53.4202,59.4778,60.8983,46.8889,33.0561,29.7191,28.1325,-2.08,2.81,-7.63,986.96
1965,"Russia",-27.499,-26.974,-16.212,-7.5188,1.87391,10.2763,14.7004,11.6621,5.59427,-5.151,-20.761,-25.812,21.6431,14.9073,17.0032,18.464,37.6039,48.7837,64.6624,64.9744,50.3585,38.5197,30.6265,29.3745,-2.34,2.66,-8.04,1105.605
1966,"Russia",-28.918,-29.972,-19.327,-8.9863,3.02707,10.6544,14.1341,12.1715,5.83873,-6.3309,-18.083,-25.464,28.5078,25.5826,26.2987,25.0992,35.4646,56.127,68.9108,65.3586,50.7348,45.2644,37.038,24.3021,-1.45454545454545,3.62727272727273,-7.17272727272727,540.465555555556
1967,"Russia",-27.776,-25.481,-14.705,-5.0686,3.9913,11.2541,15.4138,11.7586,5.06965,-1.6122,-15.631,-22.526,24.0638,14.5192,20.7359,24.3025,41.2647,51.177,59.2044,60.9913,40.2078,38.2518,28.3821,29.4195,0.2,5.36153846153846,-5.43076923076923,1073.352
1968,"Russia",-27.58,-22.589,-12.694,-5.7557,3.1813,10.1683,14.0384,11.8323,4.35875,-6.0439,-22.024,-28.683,23.0559,16.9537,24.2556,27.4516,38.2076,52.7806,67.7786,55.8299,44.9623,34.358,26.0194,25.6101,-1.2,3.98461538461538,-6.81538461538462,694.76
1969,"Russia",-30.725,-31.163,-19.912,-8.1766,1.17401,10.1499,15.4031,11.9213,4.70385,-6.1655,-16.197,-24.679,18.202,12.3534,15.5844,24.7033,32.655,50.1549,61.0513,57.1507,49.3437,35.8214,34.4542,21.0027,-3.89677419354839,0.790322580645161,-9.06774193548387,866.573846153846
1970,"Russia",-27.195,-24.791,-17.159,-7.2555,1.82057,10.4037,15.2632,10.7419,6.35212,-6.4352,-17.832,-24.311,21.4582,17.1775,15.1725,28.2734,37.3684,52.0288,61.8654,65.6094,47.5107,37.2014,31.5645,22.1732,-2.5972972972973,2.38648648648649,-8.09189189189189,1002.62956521739
1971,"Russia",-24.917,-27.526,-18.45,-7.9248,2.88096,10.6159,14.8109,12.4472,6.46087,-4.6762,-14.261,-23.202,27.0325,12.1297,19.2321,21.6275,33.5489,51.5169,69.5237,60.3892,44.6901,39.727,33.4003,25.281,NA,NA,NA,NA
1972,"Russia",-30.365,-23.88,-17.385,-5.4837,1.77693,10.5331,14.4402,11.8972,4.31789,-4.7756,-20.517,-23.098,17.6183,16.2389,15.0957,27.3447,31.7042,41.9122,62.9983,61.6985,46.3241,39.8312,32.7721,27.8669,NA,NA,NA,NA
1973,"Russia",-27.358,-22.737,-16.454,-6.6535,3.22062,11.4865,14.4324,12.2393,5.21546,-5.7807,-16.811,-23.137,20.0943,19.4486,15.7156,22.304,29.3856,49.816,68.2442,61.0566,48.9907,41.3477,36.8129,26.4025,-3.25217391304348,1.58695652173913,-8.55652173913044,511.003157894737
1974,"Russia",-28.677,-26.737,-15.716,-6.5146,2.29694,10.5135,15.1116,12.5135,6.43721,-6.1516,-20.634,-24.919,15.4578,16.985,16.33,23.2668,36.9041,49.2137,64.4555,61.3719,45.8134,35.8184,26.2071,20.7138,-3.24230769230769,1.44782608695652,-8.372,440.079090909091
1975,"Russia",-24.32,-23.781,-14.288,-4.9958,3.76141,11.551,14.5129,11.6358,6.27263,-4.9481,-16.845,-21.98,23.753,16.5286,20.2716,25.0994,32.4825,52.6344,62.0932,69.0312,43.6132,35.295,26.5663,25.2196,-1.58536585365854,3.56829268292683,-7.29756097560976,472.696842105263
1976,"Russia",-25.217,-26.732,-18.33,-5.6587,2.04469,10.6276,13.8481,11.7455,5.60303,-8.7478,-18.452,-25.839,22.2559,15.1044,12.808,19.5914,32.2862,51.3209,63.0216,61.8515,41.5619,30.1026,24.0542,20.3821,-1.96279069767442,3.3046511627907,-7.4175,442.385428571429
1977,"Russia",-28.339,-27.809,-18.159,-5.2395,4.2924,12.0314,14.4068,11.4009,5.12173,-8.1497,-15.87,-24.879,14.8582,16.6703,19.7532,25.0894,34.3742,54.4887,68.3813,62.5151,54.2511,40.4104,33.6794,23.279,-0.438235294117647,4.88181818181818,-6.00606060606061,478.122068965517
1978,"Russia",-26.04,-24.272,-15.879,-7.1176,1.66796,10.1616,13.94,11.3205,5.11687,-4.3483,-13.468,-27.811,20.3678,16.5158,19.9583,23.084,30.9313,53.3994,72.4371,61.4602,48.3316,36.8606,28.9225,25.1609,0.718181818181818,6.88666666666667,-4.1,475.389642857143
1979,"Russia",-30,-26.514,-17.774,-9.4566,3.48761,10.9032,14.4899,11.4815,5.55817,-6.7554,-18.219,-22.673,23.9799,20.9922,15.9864,18.8716,32.9057,49.1001,61.7773,65.6164,46.7667,36.3621,32.0182,28.732,-0.916129032258065,4.72903225806452,-6.57666666666667,483.225666666667
1980,"Russia",-27.457,-24.346,-18.791,-7.9098,2.23549,11.0489,14.4782,12.2444,5.83988,-4.7116,-18.766,-22.064,19.5731,16.4253,11.9272,19.5307,35.8793,49.5129,67.7176,58.0413,44.7452,31.5769,33.9762,29.5005,-1.45142857142857,3.86571428571429,-7.18,480.278484848485
1981,"Russia",-22.302,-22.858,-17.215,-5.5378,3.11599,11.9883,14.6788,12.8667,5.22858,-4.3394,-16.375,-21.773,22.6868,14.9327,19.6282,24.8239,32.8626,51.1423,66.8971,58.6447,45.0347,38.7841,25.8797,28.2527,-0.0918918918918919,5.4,-5.73529411764706,523.251875
1982,"Russia",-28.597,-22.631,-18.554,-4.5179,2.79909,10.3689,14.8513,11.8125,5.55842,-7.4595,-18.053,-21.536,23.8964,15.4183,14.9357,29.2481,36.0871,50.9326,61.9064,63.919,46.4462,38.7227,29.8938,29.8104,-0.742857142857143,4.65714285714286,-6.69047619047619,417.84
1983,"Russia",-23.03,-23.084,-14.885,-7.2638,2.45886,10.8864,14.6147,12.5131,6.36008,-4.5452,-14.732,-20.914,25.1771,16.512,18.1648,25.9265,32.7189,45.4667,63.7608,63.3538,49.389,38.1215,34.2336,28.3987,-0.0166666666666667,5.15833333333333,-5.79166666666667,496.966666666667
1984,"Russia",-23.023,-24.971,-16.385,-9.051,4.39014,11.3846,15.1648,11.4315,5.68868,-5.511,-19.702,-25.878,19.9854,12.7608,12.9951,18.7892,29.5202,54.2157,67.4526,64.5735,46.2207,41.0187,26.8326,24.5254,-2.708,2.328,-8.184,440.059
1985,"Russia",-28.582,-26.81,-17.611,-6.7724,1.91424,11.2284,13.8126,12.0764,5.73591,-4.6523,-15.845,-24.332,21.7189,15.8705,15.5859,25.5559,32.6942,49.3507,62.0544,64.3863,44.3508,35.198,31.6278,25.0748,-2.66129032258065,2.61333333333333,-8.07096774193548,405.551111111111
1986,"Russia",-26.501,-23.519,-15.732,-6.1309,2.24618,11.3632,14.6498,11.697,4.93978,-4.1714,-15.11,-25.841,21.4971,16.1376,15.7444,24.4135,30.7281,47.1744,61.6892,63.9755,49.241,32.0218,27.8095,21.6769,-1.90294117647059,3.2,-7.41764705882353,327.37
1987,"Russia",-29.592,-24.597,-18.221,-8.5106,2.7483,9.93802,14.616,12.0574,4.90521,-5.2512,-21.499,-25.703,22.1393,16.5551,14.295,22.6064,34.4889,51.2956,62.8456,58.494,48.0052,29.2677,23.7362,26.442,-3.23823529411765,1.79411764705882,-8.82352941176471,398.7009375
1988,"Russia",-25.216,-24.781,-16.339,-7.0688,3.18282,11.6508,15.6771,12.1557,6.60803,-3.6587,-16.605,-20.864,22.119,15.0047,14.3525,26.8312,27.0905,53.6908,65.8361,69.3741,44.0325,35.1321,30.4056,27.1111,-1.81470588235294,3.12647058823529,-7.18235294117647,452.968787878788
1989,"Russia",-26.06,-19.389,-12.579,-7.2256,3.90142,11.4886,14.6785,11.8333,5.46293,-4.7517,-17.679,-22.456,21.9124,19.7729,20.9696,21.248,34.9813,51.0976,69.3563,64.1546,44.7503,44.4061,29.7986,26.9079,-1.15142857142857,3.82352941176471,-6.61714285714286,435.9315625
1990,"Russia",-28.489,-22.712,-11.143,-3.8582,4.5953,11.9846,15.2451,12.4869,4.88011,-4.2212,-18.013,-22.956,19.2218,19.7733,23.6151,23.777,41.0695,53.41,66.6685,62.4219,47.6652,41.0911,36.6199,25.5539,-0.863636363636364,4.15757575757576,-6.16969696969697,466.731515151515
1991,"Russia",-24.513,-24.738,-18.39,-4.8511,4.02237,11.9564,15.9513,12.6317,6.44098,-3.6118,-15.076,-24.673,21.0597,15.847,16.2012,22.5398,34.8028,54.7862,59.9514,61.1018,42.2159,42.2176,29.6917,23.1688,-0.13,4.69,-5.295,508.4195
1992,"Russia",-24.042,-21.731,-15.813,-8.0402,4.06736,10.0675,14.1514,11.6855,4.53386,-6.1596,-19.753,-22.295,22.6773,18.73,17.4211,26.2114,30.9185,46.9434,59.7233,57.6344,40.5552,40.877,33.387,24.4226,-0.110526315789474,4.90526315789474,-5.67894736842105,472.747058823529
1993,"Russia",-23.498,-20.934,-14.471,-6.9357,3.06022,11.2984,15.2348,11.7908,4.59466,-5.3005,-18.653,-24.743,23.5038,17.6823,17.1107,21.3753,32.6655,50.3806,62.1147,65.8141,48.5933,36.2723,20.7579,25.0729,0.395652173913043,5.48695652173913,-5.18695652173913,491.447222222222
1994,"Russia",-26.907,-25.735,-15.948,-5.9572,2.67539,11.6938,14.7412,11.6694,6.21574,-2.7565,-17.841,-25.051,21.8771,14.7223,18.8596,20.4145,41.4849,53.2717,66.8254,60.515,47.6829,36.4439,34.1693,20.0012,0.844444444444444,5.89444444444444,-4.68888888888889,678.327777777778
1995,"Russia",-23.132,-17.913,-14.684,-4.3456,3.5702,11.442,14.8997,13.2386,6.23247,-3.048,-14.962,-22.722,23.6384,20.3056,20.9014,21.8688,36.1854,48.6218,63.73,64.0351,45.7357,37.5872,36.4189,23.9787,3.72142857142857,8.77142857142857,-1.85714285714286,604.772307692308
1996,"Russia",-25.843,-22.838,-15.435,-6.9761,3.6709,10.6681,15.4488,11.3389,3.99453,-4.7432,-14.865,-24.544,19.4939,16.6683,13.2006,17.6331,33.6735,54.2024,62.2934,60.2144,48.1758,33.4902,30.1709,28.6889,1.39230769230769,6.93076923076923,-4.70769230769231,471.689230769231
1997,"Russia",-26.484,-23.001,-14.171,-2.7651,4.02555,11.3665,14.3421,12.3931,5.97098,-2.5948,-18.057,-26.183,21.7201,18.9747,21.4584,25.0595,39.4614,53.3233,58.7166,64.8511,41.2825,45.5466,29.2072,23.6232,1.80625,6.9,-3.79375,498.577333333333
1998,"Russia",-26.652,-24.498,-15.69,-7.7908,2.18784,11.9182,16.193,13.147,4.50973,-6.3637,-21.231,-23.624,19.7529,19.2359,20.1643,25.0365,34.6892,52.6545,60.5712,60.6889,50.1432,44.1203,27.2197,28.5681,1.24444444444444,6.26666666666667,-3.4375,610.12875
1999,"Russia",-26.626,-22.189,-20.568,-6.7147,3.17716,11.1827,15.7508,11.7378,5.46499,-4.1641,-17.729,-21.136,22.2536,18.4917,13.2336,22.6704,34.8117,43.6419,57.6376,67.7987,42.6044,40.3484,30.8494,26.96,0.9125,6.08125,-4.7625,413.278181818182
2000,"Russia",-27.235,-21.381,-14.922,-3.8342,3.88852,12.3387,15.0084,12.8786,5.6741,-5.4827,-18.935,-26.074,20.1847,17.2078,18.2835,24.9735,38.9302,57.8126,71.0463,64.2414,49.9164,32.8393,22.9408,23.1808,3.26428571428571,8.23571428571429,-2.02857142857143,NA
2001,"Russia",-28.068,-25.365,-16.563,-5.9074,4.65739,12.352,16.0098,13.021,5.30689,-5.1239,-13.913,-24.011,20.0954,19.638,25.6493,22.4895,43.0059,53.4065,59.0221,63.718,44.4014,37.9174,32.5174,21.8437,2.3625,7.3625,-3.075,152.15
2002,"Russia",-24.592,-21.137,-12.324,-5.9436,3.73513,12.3913,15.7214,12.6347,5.57589,-5.1454,-16.757,-27.211,25.4775,24.55,25.0586,19.6888,37.4299,50.239,64.8213,56.1542,51.3356,39.7981,30.0672,18.4193,NA,NA,NA,NA
2003,"Russia",-25.404,-23.861,-14.594,-5.6001,4.16765,11.3849,15.5483,13.4477,6.9202,-3.5084,-17.743,-20.271,23.7281,14.2584,15.3431,22.7934,33.6463,54.019,57.5399,64.6026,44.2932,41.6381,26.4725,29.597,2.50909090909091,7.80909090909091,-3.26363636363636,302.846
2004,"Russia",-24.739,-23.669,-16.302,-7.0745,3.51825,11.2962,15.1005,11.978,6.17846,-4.8019,-14.206,-25.892,20.3032,19.5649,24.736,22.2269,35.6181,55.316,62.3844,62.6792,55.5173,42.0314,32.1032,23.4331,2.465,7.9,-3.555,257.353
2005,"Russia",-23.48,-24.955,-16.247,-5.4461,5.12613,12.2312,15.8514,12.5157,7.41616,-2.4379,-13.381,-22.805,22.2102,11.3261,22.1304,26.7413,33.1442,57.5087,63.7776,60.4369,40.8515,38.1253,30.1639,21.8926,NA,NA,NA,NA
2006,"Russia",-29.643,-24.376,-16.26,-8.6371,3.57521,12.802,15.0401,12.2364,6.81572,-5.1486,-16.366,-20.804,16.2958,18.2781,21.919,21.8318,34.3259,48.7127,61.6391,66.3951,52.2062,42.4776,37.9208,27.792,2.09130434782609,7.39565217391304,-3.85217391304348,NA
2007,"Russia",-20.248,-25.688,-14.41,-2.6328,4.41197,11.5052,15.6705,13.5482,6.88299,-2.4354,-14.981,-21.059,28.6191,17.7885,18.4657,23.1162,45.1805,57.3972,70.1348,66.5096,48.1605,35.3353,30.9945,25.2087,3.03333333333333,8.37916666666667,-2.85416666666667,NA
2008,"Russia",-25.205,-21.22,-12.356,-6.2705,4.0185,11.8916,15.109,12.918,5.80728,-1.972,-14.493,-22.27,20.0428,20.2432,24.9857,24.7433,32.6375,51.6526,71.0536,67.2596,47.7163,40.3058,34.5093,29.2834,2.33846153846154,7.71923076923077,-3.62692307692308,53.87
2009,"Russia",-24.451,-26.624,-15.994,-4.6947,3.57505,11.7963,14.8661,12.4186,7.11397,-3.1272,-17.773,-26.341,21.6886,17.4889,19.9641,22.365,37.3109,50.6263,66.0968,65.3695,45.0676,40.1964,28.2625,26.4238,1.48076923076923,6.78461538461538,-4.43461538461538,NA
2010,"Russia",-27.97,-26.767,-16.779,-5.7484,5.35467,12.2678,16.1353,12.969,5.80722,-3.506,-13.941,-25.453,20.9997,15.0402,21.5349,19.0173,35.8275,58.0102,61.2652,64.6174,48.5641,35.641,38.4794,31.3165,2.43571428571429,7.82142857142857,-3.42857142857143,NA
2011,"Russia",-25.152,-25.195,-12.491,-2.8477,4.76823,12.9546,15.7804,12.6605,6.19888,-2.1087,-16.475,-21.299,20.7336,16.9374,19.4263,25.7805,31.0913,52.3907,65.7777,64.7168,51.236,40.3055,29.1003,23.4494,2.20344827586207,7.58620689655172,-3.59655172413793,290.896666666667
2012,"Russia",-25.257,-23.885,-16.857,-3.9028,5.32058,13.4931,16.1877,12.2465,7.10046,-3.4193,-15.282,-25.624,17.7867,14.2427,18.1487,31.981,36.4988,51.226,60.5267,69.7606,50.6102,43.6986,32.1627,24.2623,1.66333333333333,6.9,-4.01,452.46
2013,"Russia",-27.019,-24.038,-18.32,-4.1514,5.23718,12.5299,15.5927,13.0552,5.36626,-4.3219,-12.557,-19.047,19.785,15.7392,23.6457,24.7706,40.4531,52.6311,65.8788,65.0858,51.0836,42.0989,37.499,29.076,1.90294117647059,6.77647058823529,-3.41470588235294,463.749166666667
2014,"Russia",-27.512,-23.891,-11.94,-2.93,4.78134,11.9932,14.9019,13.4225,5.78383,-4.9559,-16.385,-21.539,22.2383,18.1436,21.811,23.7445,39.5443,57.4206,65.7161,61.6116,42.3006,38.88,28.524,27.047,2.68857142857143,7.63428571428571,-2.82,487.586
2015,"Russia",-23.863,-19.887,-13.092,-4.581,4.71529,12.9706,15.1593,12.5463,6.60203,-4.1429,-16.11,-20.342,25.4497,20.1111,19.5973,27.0506,35.1434,53.7411,68.2327,61.217,43.0396,40.8218,29.9672,30.6411,3.38125,8.26875,-1.815625,503.104375
2016,"Russia",-24.307,-19.446,-12.865,-3.0405,4.40713,13.0543,16.0391,13.5493,7.61563,-4.576,-17.898,-23.356,22.1819,23.3897,20.1145,25.5482,37.7408,49.0008,67.045,70.5397,41.6215,30.1945,30.3699,27.8384,1.72777777777778,6.425,-3.16111111111111,582.507407407407
