"Country","JanTemperature","FebTemperature","MarTemperature","AprTemperature","MayTemperature","JunTemperature","JulTemperature","AugTemperature","SepTemperature","OctTemperature","NovTemperature","DecTemperature","JanRain","FebRain","MarRain","AprRain","MayRain","JunRain","JulRain","AugRain","SepRain","OctRain","NovRain","DecRain","ATemperature","AMinTemperature","AMaxTemperature","APrecipitation"
"Afghanistan",-0.877829702929168,-0.797325093820669,-0.660005013618345,-0.485412535607864,-0.242285349427519,0.228665140544505,0.468794527960565,0.238243897726231,-0.290738657745539,-0.63111003517721,-0.793233952719172,-0.847336949101229,-0.307846993147766,-0.202949362100364,-0.142741121056902,-0.38116820088878,-0.687108250191145,-0.842624378376312,-0.839146065341065,-0.858689034640215,-0.919778182490099,-0.842704605530031,-0.798184464481108,-0.601880253425673,-0.589281196737346,-0.960764410573701,0.148362236937402,-0.893550213008645
"Albania",-0.74631077528499,-0.744003155334332,-0.759479555556077,-0.803900615536298,-0.715233333765143,-0.53090627603548,-0.25256274669701,-0.232535463823875,-0.540685230130706,-0.701423014475637,-0.706758904788874,-0.733596511397198,0.459910296015264,0.357384600384189,0.137803784945087,0.0781501905355082,-0.151938657419637,-0.29023334561152,-0.551536938604445,-0.504210655417035,-0.102658741249368,0.327070682409306,0.740289885871057,0.812956933955931,-0.696411850548448,-0.795850312097513,-0.357341003042042,0.103018865654073
"Antigua and Barbuda",1.01762799953939,0.987426143280384,0.976190377996301,1.02294352583909,1.09899191493479,1.10160089960622,1.04538816817372,1.12906772195768,1.25582715048519,1.19258866028039,1.12428301257198,1.07422252605621,-0.480550950767236,-0.564013243182573,-0.744634196106793,-0.729405075656746,-0.476506688305264,-0.409409652334559,-0.301132000159355,-0.201573329260614,-0.175473750321807,-0.00308600107003498,0.393342598555773,0.350808999164253,1.09631073354189,1.13406860757195,0.807598204826389,-0.400658925662841
"Argentina",0.639613815883424,0.520439757348017,0.218029616004276,-0.392045990659372,-1.29108946158002,-2.27068898198284,-2.7861361910029,-2.44712380852223,-1.43563826388028,-0.450667531895051,0.185399617144701,0.531027268166779,-0.111387730175445,-0.0703726918436172,-0.102724955477485,-0.390767208852692,-0.537606118142868,-0.597339715340195,-0.661654136802922,-0.684154786551143,-0.62297784427344,-0.385113571038099,-0.30624068870854,-0.173989854682476,-0.319967877000969,-0.278559104383076,-0.252082877914684,-0.570338333112934
"Armenia",-1.42246673927587,-1.37133142131683,-1.27169204854246,-1.13152123032953,-1.06869395014635,-0.854705392730216,-0.411133416475331,-0.408364558093906,-0.819162348877941,-1.10776547210296,-1.19464167484134,-1.35149509209843,-0.613643204331008,-0.548611991864597,-0.418930040947159,-0.208432959406477,-0.0536935011966231,-0.123192877436902,-0.414580515842234,-0.54392901929823,-0.539246108177992,-0.466493493116006,-0.554588383626614,-0.711674042718751,-1.14235061049767,-1.38333999002656,-0.574736810886601,-0.591098610741249
"Australia",1.13792380172787,1.04979158488233,0.857109945185647,0.421192715302609,-0.315667053131575,-1.1418480563721,-1.59908897317695,-1.24701289690605,-0.314498460387317,0.455414555897658,0.884635337294078,1.08524176824516,0.0770734248632709,0.151980182585582,-0.184364289551794,-0.620521902867149,-0.659956069907682,-0.636995471676207,-0.689065238483257,-0.737472731934059,-0.762527934366409,-0.677353561073615,-0.567673383601871,-0.282414585235267,0.269105191469981,0.161745465316473,0.362250110455948,-0.683278554621875
"Austria",1.13792380172787,1.04979158488233,0.857109945185647,0.421192715302609,-0.315667053131575,-1.1418480563721,-1.59908897317695,-1.24701289690605,-0.314498460387317,0.455414555897658,0.884635337294078,1.08524176824516,0.0770734248632709,0.151980182585582,-0.184364289551794,-0.620521902867149,-0.659956069907682,-0.636995471676207,-0.689065238483257,-0.737472731934059,-0.762527934366409,-0.677353561073615,-0.567673383601871,-0.282414585235267,-0.378713920219126,-0.273264172418843,-0.498768691646838,-0.683278554621875
"Azerbaijan",-0.944332912060666,-0.936369291720336,-0.912379275850893,-0.727363512931853,-0.508305971675932,-0.0402713342935593,0.324049381060454,0.305839000543516,-0.225169954695762,-0.664413956743278,-0.806614079812591,-0.937734695541369,-0.59872838359624,-0.545834873840509,-0.43017820886982,-0.385692490628236,-0.373219415287003,-0.408539077613469,-0.630582995651174,-0.675471392789042,-0.535684234049845,-0.447970739839787,-0.555646315013754,-0.672729941118693,-0.72112275148681,-1.03243644478788,0.00485963131272175,-0.729889714735245
"Belarus",-0.723347229520184,-0.753538822058903,-0.801532521106695,-0.960130824959003,-0.981564203583858,-0.987691561598005,-0.920678579972665,-0.93298930755494,-0.994475791785475,-0.949568025841232,-0.878390890002439,-0.767863324960298,0.025894140673896,-0.0948755125503965,-0.154534213071726,-0.262002687888939,-0.270362049209778,-0.160703799128821,-0.083800236577278,-0.104121837577246,-0.138641337372134,-0.0691996376082538,0.0545064984040516,0.114749364122987,-1.20754087656651,-0.883354023106107,-1.52079057052635,-0.141907924984515
"Belgium",-0.723347229520184,-0.753538822058903,-0.801532521106695,-0.960130824959003,-0.981564203583858,-0.987691561598005,-0.920678579972665,-0.93298930755494,-0.994475791785475,-0.949568025841232,-0.878390890002439,-0.767863324960298,0.025894140673896,-0.0948755125503965,-0.154534213071726,-0.262002687888939,-0.270362049209778,-0.160703799128821,-0.083800236577278,-0.104121837577246,-0.138641337372134,-0.0691996376082538,0.0545064984040516,0.114749364122987,-1.00878751034676,-0.762407430103841,-1.23837054766464,-0.141907924984515
"Belize",-0.723347229520184,-0.753538822058903,-0.801532521106695,-0.960130824959003,-0.981564203583858,-0.987691561598005,-0.920678579972665,-0.93298930755494,-0.994475791785475,-0.949568025841232,-0.878390890002439,-0.767863324960298,0.025894140673896,-0.0948755125503965,-0.154534213071726,-0.262002687888939,-0.270362049209778,-0.160703799128821,-0.083800236577278,-0.104121837577246,-0.138641337372134,-0.0691996376082538,0.0545064984040516,0.114749364122987,-0.687135263206024,-0.660833891460428,-0.656963548052104,-0.141907924984515
"Benin",1.04384937590816,1.15855837327972,1.27309988729751,1.32294062086178,1.21162504819622,0.890257032792918,0.607003142848894,0.501173577186086,0.769584015805972,1.01320740915218,1.08075526103544,1.05357201488996,-0.860015552379418,-0.769656609449278,-0.464533356629628,-0.0920995882723394,0.329048528232842,0.678577814719977,0.925146946207955,1.25451599942865,1.320611798954,0.0791690527927487,-0.849698083224127,-0.968348511096752,1.01180513790742,1.00242839441835,0.960166973812545,0.158687418434061
"Bolivia",0.758771897492368,0.702481750504362,0.581448540767042,0.344818471577427,-0.132304445696837,-0.655513370242322,-0.910793748269591,-0.602067921478085,0.0634031965113109,0.445578384561444,0.663406626206906,0.756430319698599,1.33417249340883,1.40687280333728,0.875860692570711,0.0403252100849941,-0.423216695832653,-0.580913529423348,-0.688782541950449,-0.665344056017951,-0.431878100184666,0.0585834728706287,0.490576286033091,1.15225680337761,0.226928568908845,0.281127414433706,-0.0239840358232231,0.206587112156229
"Brazil",0.980991649536556,0.939249209610128,0.872751246984186,0.771575721137259,0.55533785191216,0.281508394137933,0.121575533947213,0.304444151871923,0.654424747008022,0.847229135327489,0.934823513271811,0.987682889650235,1.92032558302953,2.11972224847217,2.13132718143467,1.35171904357681,0.389344483822912,-0.0660554203594658,-0.25750709736528,-0.344384215453062,-0.079148807450225,0.454391412519892,1.09381654996342,1.78639143628266,0.766655334064312,0.832843458243513,0.522805142305527,1.1184885672735
"Canada",-2.67183943644941,-2.69732238630746,-2.85527792491679,-2.89831181567098,-2.74296937647225,-2.36437968333761,-2.09111891078656,-2.34053542522882,-2.65917065711401,-2.65082959544156,-2.68364727423464,-2.66855124587131,-0.556881253974947,-0.590983341819059,-0.602192101866315,-0.678871914366403,-0.601523144127364,-0.398741281574217,-0.311787530824109,-0.334147815580769,-0.398713374523822,-0.481630132121978,-0.522881358592793,-0.600998591831528,-2.46961022742709,-2.17723853723373,-2.39945600484453,-0.701920399223028
"Colombia",0.901158121425627,0.880175500824645,0.833147490692626,0.735505508824454,0.561018276470586,0.342613283192582,0.198994258914088,0.274397654765692,0.511706020199011,0.679143987725856,0.810673690352797,0.883083449696466,0.562405615009832,0.716876506718238,1.32104584222187,2.2131733401521,2.25245124744299,2.15547305077104,2.04200875032404,1.7387322841826,1.71462400640393,2.04559403761316,1.89687111716296,1.10884753088682,0.648504334305789,0.79095106295852,0.338077252449445,2.36750714758454
"Comoros",1.05373071892953,1.00169424295582,0.984051556834926,0.923869472162501,0.750941212778586,0.394334780189107,0.13142765691805,0.221707618208124,0.54737057248102,0.850648466220222,1.02271423932344,1.06913133110547,2.79605667548697,2.40641833939361,1.81971774443299,1.6212099016195,0.329851895624738,0.293990496559218,0.0182720213059587,-0.0480682328128437,-0.578080251753397,-0.383903721017675,-0.0681196944078276,1.33549670410395,0.910274727308662,0.9602539469411,0.569286903846413,1.0262574550798
"Cuba",0.760258017893594,0.722950200570348,0.732058834116501,0.750697507078531,0.807250643785371,0.860152979619729,0.868948575762568,0.900248475458577,0.949513234420701,0.907677980878798,0.827243924696854,0.797893738546229,-0.407705643725432,-0.432800743331051,-0.285682725455043,7.57276168364553e-05,0.879679445111943,1.06513321081281,0.591080264359337,0.800478514755944,1.4411644630935,0.940594703711196,0.0167948788171522,-0.489999898180917,0.877388014346751,0.82622157110057,0.84556026596844,0.556733990719911
"Cyprus",-0.126142228946706,-0.159936764128035,-0.182904788125863,-0.122194374847895,0.0817352618119956,0.471362868303501,0.857787313436263,0.918917831811019,0.624369368834375,0.324432330411702,0.076156360868367,-0.0716268009160101,0.405604909551287,0.16598786184422,-0.290826604023141,-0.65949414325935,-0.717625011721999,-0.839450441133046,-0.916756346833875,-0.928282917672587,-0.903246830015392,-0.640940786547662,-0.25965706882664,0.500692555224049,0.0967445969574519,-0.0642285671675858,0.375733499158437,-0.650676056238403
"Czech Republic",-1.06741143133117,-1.04872893076597,-1.03317788152261,-1.06066884480036,-1.0061984011016,-0.979304280342378,-0.922253023489608,-0.96788574283282,-1.15442299393482,-1.18815790078732,-1.15050149213464,-1.09635672503434,-0.380310853648659,-0.412255557000122,-0.41007405061456,-0.389684330091291,-0.208060707168663,-0.0400405051987172,0.0474603257001444,-0.0572075661574797,-0.303655768494059,-0.394892379232401,-0.393878307837874,-0.360968164773007,-1.21370219884702,-1.05584439318748,-1.29921655962512,-0.368016857117259
"Djibouti",0.837095797799344,0.863174346070962,0.933317002813493,1.06688983517744,1.28559725402489,1.60382892977027,1.72608801462138,1.59235468637042,1.40671269158415,1.06672401272618,0.919087713737044,0.847122657336852,-0.810848464747472,-0.745939505464718,-0.551358432841485,-0.646271050874436,-0.770503968849509,-0.865098574052563,-0.514663552749009,-0.335861813303726,-0.63330086527949,-0.852178871931616,-0.843783857306316,-0.912015451266121,1.14914419569951,0.965531106248369,1.27579131609054,-0.987149150327558
"Dominica",0.683799561986381,0.659078082140961,0.631537568691354,0.608383922904404,0.544245933933278,0.503688078774644,0.428975675798864,0.520801862630891,0.652788899318097,0.717441123005589,0.736704713437278,0.730582038756652,0.0787138721529004,3.95340871842259e-06,-0.215680741673647,0.367774265445668,1.27528856729218,0.452445181225501,0.452149676526374,0.44388496624477,0.867105598174562,0.880209561571663,0.774205021773133,0.394042818230918,0.719812629057791,0.816600559577917,0.337360244458253,0.705548504393111
"Dominican Republic",0.683799561986381,0.659078082140961,0.631537568691354,0.608383922904404,0.544245933933278,0.503688078774644,0.428975675798864,0.520801862630891,0.652788899318097,0.717441123005589,0.736704713437278,0.730582038756652,0.0787138721529004,3.95340871842259e-06,-0.215680741673647,0.367774265445668,1.27528856729218,0.452445181225501,0.452149676526374,0.44388496624477,0.867105598174562,0.880209561571663,0.774205021773133,0.394042818230918,0.755590179545878,0.79101917472859,0.525237837774533,0.705548504393111
"Ecuador",0.710979336421385,0.666253367411829,0.585036468284687,0.455303795886763,0.210666160130637,-0.12680166859592,-0.391613097897539,-0.2950715186462,0.0387568699601531,0.343580136824412,0.551939865594608,0.672596075424676,1.70932380976754,2.22926972674621,2.42627350914803,2.4169089338725,1.44389153534447,0.9945465475048,0.590259230711641,0.1076235287135,0.413454277002731,0.616990109768995,0.774971075857069,0.999868807322832,0.37326329969216,0.631712464724573,-0.112007786714029,1.6725433418956
"Egypt",0.0755205005462596,0.136612539952696,0.24005388569302,0.500242282348822,0.88024456727091,1.18217848141258,1.24630858752551,1.28027417369209,1.02464733807859,0.721332414735724,0.347948968225695,0.126081454392005,-0.840835465288501,-0.855717083328101,-0.885924560107284,-0.967838385510473,-0.904058556038062,-0.890752835655267,-0.89876245998007,-0.914059040720723,-0.955573228707799,-0.927134085680899,-0.967765815581691,-0.965537206643654,0.504917423642053,0.209242674255385,0.810688057001648,-1.28444800895822
"Estonia",-1.30759291324079,-1.40560087500974,-1.48254073420387,-1.44268359417975,-1.34472207439786,-1.20720820626117,-1.01523115016964,-1.19315889398367,-1.49209849485227,-1.47856239718047,-1.33904167079482,-1.27814906084289,-0.384374356836457,-0.478212383119222,-0.528918965861188,-0.526959991293456,-0.460063144512173,-0.256785339199973,-0.170822138759337,-0.0527746729860443,-0.173729296061055,-0.246772880580652,-0.263976606671746,-0.351671343190089,-1.54027329145847,-1.35775938404012,-1.56296130517162,-0.446536930448932
"Ethiopia",0.668957025617456,0.705771691866788,0.712377590485703,0.657360388401922,0.510887710900387,0.291866107074749,-0.0147361324845823,-0.0529115353296239,0.269973821252644,0.44516326201844,0.551299478060323,0.617444042789781,-0.768663288810246,-0.675740615013343,-0.404514218751707,0.0878528176020563,0.0773694876933909,-0.0934710631471993,0.489520425773696,0.650969182672331,0.224606634482348,-0.1585338317289,-0.565463535293726,-0.862784491176684,0.480885468416612,0.688501989656104,0.0315619536457607,-0.183818661589051
"Finland",-1.6725555857703,-1.75115198777306,-1.80331121749842,-1.86708321449176,-1.80852111266415,-1.52064337017727,-1.31368679686673,-1.65907187052209,-1.98001663336334,-1.94929066571867,-1.75864194760236,-1.6634473832592,-0.494848531397687,-0.553190709986647,-0.607869594441215,-0.628353687456004,-0.562572120251875,-0.330014724503921,-0.228638756478915,-0.186706564946074,-0.304475633555829,-0.384399684782271,-0.428647669748731,-0.519372301166927,-1.90619434646906,-1.70106486920722,-1.87046010217759,-0.600979436359057
"France",-0.651566432485399,-0.663151014910874,-0.713036559800482,-0.882933943301413,-0.935179419458371,-0.862177780172072,-0.725302211728407,-0.73778583572294,-0.805485219384527,-0.820036415125234,-0.80017532009772,-0.709946469691727,-0.0544759174735222,-0.0881045323210992,-0.125141644173638,-0.150743623529859,-0.15762657406558,-0.201071683187556,-0.291102700297061,-0.21392753048304,-0.115125147634753,-0.0218467987828424,0.0736200895313259,0.0572169602398599,-0.822063462905256,-0.6115799140722,-0.957617122068178,-0.161622585515956
"Gabon",0.99326106811723,0.961117169163711,0.924846152324995,0.873677208152157,0.733726812489913,0.403018772290307,0.0899659415241469,0.163446801975631,0.564159619989062,0.7942652841665,0.881254248746908,0.941973035085739,0.88757404272906,1.21477466331511,1.85469523104951,1.76035433011452,0.920862916543116,-0.440285189416604,-0.816654584046693,-0.717151936156937,0.362620957410193,2.25935954751962,2.66412246554472,1.25701598843341,0.828846470025582,0.937924346085914,0.410592835407539,1.21015034409698
"Georgia",-1.3636642912906,-1.35854312665825,-1.32634032359763,-1.20442253427096,-1.16199374204633,-1.0764283379251,-0.811093740095101,-0.779764436956733,-1.08572964144659,-1.21730350228624,-1.2308206937106,-1.33042203912147,-0.153885289068707,-0.134807715602609,-0.123555116393631,0.0347824037054612,0.173175628386306,0.277236407007914,0.00212580490909659,-0.117930200794675,-0.0457304623920991,-0.0723432624634409,-0.100649644044883,-0.140206432293386,-1.15378694245962,-1.23283925577254,-0.837245604619469,-0.0338560784041004
"Ghana",1.06813126584399,1.18220697416773,1.21390207721225,1.2059698193382,1.10229687858902,0.804916796212121,0.570436518353364,0.503958262158975,0.760581710176466,0.975335444613925,1.08197250966061,1.05807302724955,-0.787267317163376,-0.492954344468393,-0.0143556506962531,0.426566606349639,0.654042396640668,0.950103925187009,0.567169432302608,0.539667800948779,1.11825179523375,0.564209437199979,-0.4090011415549,-0.790943645353507,1.07477584274853,1.11266827396676,0.896540362084634,0.342334617587041
"Gibraltar",-0.114356899441746,-0.127911196191884,-0.186209341370602,-0.324482082399053,-0.350049530642093,-0.119023656248752,0.21888527645723,0.337745087029775,0.150305250459942,-0.0426714960382942,-0.126226355915986,-0.121346362627745,0.0281602952747656,0.235418295018574,0.029227894263905,-0.221248318890742,-0.576412639359691,-0.783970759233414,-0.909087771984766,-0.899327977955511,-0.707561661082191,-0.267542645188994,0.117599102621583,0.155134197181059,-0.107860647502627,0.00230852530867259,-0.110308248461182,-0.498740863989733
"Guyana",0.947639484827433,0.903411939322645,0.877426637696213,0.847086550524709,0.758325998659423,0.609349541698426,0.494804606643173,0.586718291308539,0.810802568239958,0.935797306074212,0.996736180086478,0.985171589399757,1.2441728804174,1.12831080678956,1.24484457940624,1.72877790947931,2.64226727141205,2.81266999678031,2.16594762023038,1.28591587270485,0.254465217269805,0.0618249500118966,0.422764797362894,1.64422340627045,0.893953511925375,1.0541445339751,0.512941171893336,2.00973789131548
"Hungary",-1.01687354503346,-0.934199712917904,-0.840421649338951,-0.764248805560032,-0.626932093219432,-0.497812051045648,-0.4008793079257,-0.465886676253941,-0.769085370599018,-0.933388528305522,-0.969507183040296,-1.00566196124756,-0.454393864706542,-0.426678562317023,-0.467804620527874,-0.368068805664486,-0.255254621176398,-0.0880336925160773,-0.193866555246803,-0.254017879157787,-0.370939683214094,-0.375614484681637,-0.303319136001742,-0.389492017226785,-0.969349542792227,-1.01840299311852,-0.830834868595191,-0.45036501730283
"India",0.354583603689151,0.463618290172773,0.720315808920761,1.04547271824513,1.33940044334789,1.2403923852518,0.809590127412771,0.69885911213432,0.804834563025419,0.721017672680502,0.483675579059889,0.354606871213722,-0.746504224839465,-0.709783477889144,-0.706407667714975,-0.590918786821042,-0.399383285113666,0.702079061013397,1.88018171254352,1.75167344668092,1.00571281319584,-0.15766472985319,-0.646015603109366,-0.878812112643069,0.78328435927568,0.531673714947723,1.05051597653374,0.155134060651743
"Indonesia",0.354583603689151,0.463618290172773,0.720315808920761,1.04547271824513,1.33940044334789,1.2403923852518,0.809590127412771,0.69885911213432,0.804834563025419,0.721017672680502,0.483675579059889,0.354606871213722,-0.746504224839465,-0.709783477889144,-0.706407667714975,-0.590918786821042,-0.399383285113666,0.702079061013397,1.88018171254352,1.75167344668092,1.00571281319584,-0.15766472985319,-0.646015603109366,-0.878812112643069,0.841046721664717,0.632844308147048,0.995873760128057,0.155134060651743
"Israel",-0.0742063058685752,-0.0662718948925114,-0.0563718441519151,0.0550844742684275,0.244959851763069,0.476098214926677,0.705419925832587,0.781444021596647,0.633245562563571,0.442584122913235,0.173220667904975,-0.0149545463218991,-0.0579050091776913,-0.187050693380141,-0.507778217108721,-0.815433420493036,-0.900850682143994,-0.903306812482837,-0.922718316338085,-0.939225655114122,-0.965574287630065,-0.857032595164476,-0.57752939563471,-0.221692516948881,0.201699052603399,0.0527217768548877,0.364276214251699,-0.95480069472243
"Italy",-0.633904359150714,-0.646101273364428,-0.69742599351487,-0.814687628829818,-0.784098772408414,-0.586106520218112,-0.350858175543709,-0.336658528450573,-0.549610853312355,-0.65211439342852,-0.656090899239452,-0.652409796626845,0.042083168877563,0.0338218195605628,0.002241205750664,0.00201262285806776,-0.16483836785356,-0.194543745008269,-0.334172381518515,-0.244765830559205,-0.0041641430220591,0.204318647015048,0.423874857673321,0.266341648216409,-0.565333620705158,-0.431497215407305,-0.610854835114992,-0.0189972834479865
"Jamaica",0.819298494044965,0.777113149951471,0.748520479826247,0.734096794597514,0.67616431912996,0.675399328526607,0.608395713173545,0.687573917048159,0.750973693364753,0.805153369936871,0.841786987670842,0.862224722274245,0.515148787854819,0.390559494718789,0.126479009410324,0.669925301839547,1.68169969018503,0.976129354710816,0.599435189749193,1.12536928398223,1.90195984027551,2.70966841223157,2.17940354780225,1.05178553459681,0.893206247306027,0.917457680480675,0.677770457778879,1.6547586445291
"Jordan",-0.26019644254571,-0.212699077964737,-0.160105689957624,0.000766866266351454,0.290702476525791,0.582835307725542,0.813499689987662,0.867476502003585,0.634809937937113,0.322192292630746,-0.0204109266247085,-0.215684701393644,-0.595841000331425,-0.591603414812292,-0.700384995846086,-0.873224135483467,-0.893308537030922,-0.90315869991288,-0.921461703947656,-0.938119554313888,-0.967548183519188,-0.90665426675936,-0.853215093346035,-0.756552432916926,0.0340044518285446,-0.21416799298314,0.360174381286661,-1.17157203431164
"Kazakhstan",-1.80262116509822,-1.83063515660224,-1.6623238707672,-1.06151157850043,-0.608254890025012,-0.141400351572969,0.0785605488050606,-0.255265310026256,-0.941070474646054,-1.41244837732969,-1.64524332104848,-1.77065097939844,-0.68816765835428,-0.709045831811546,-0.689063651262039,-0.706761685607479,-0.662077763376678,-0.626693045279591,-0.629828916977704,-0.716950136162094,-0.781338800154094,-0.698640336847984,-0.718885424112799,-0.748951893784613,-1.37592294510759,-1.59622039439656,-0.844517600322503,-0.977467716783485
"Kenya",0.911713008103718,0.926433979160459,0.904680910167985,0.782075417043201,0.567337982746718,0.245359900997149,-0.0139776691283671,0.0751786477798501,0.432962497767222,0.721238022568244,0.814013478830064,0.879846129570023,-0.529433960967981,-0.542030833197975,-0.142262453123215,0.694414043562756,0.016392754840823,-0.515293286883793,-0.60017788411816,-0.600537391583549,-0.626649657027244,-0.289250497499866,0.24130167323252,-0.304005535426001,0.626715455024256,0.719046409894612,0.379882875411467,-0.390858228756406
"Kiribati",1.11655060718232,1.07848600801316,1.06355766174962,1.06082162615394,1.03865050547496,0.956498259665954,0.853605810145529,0.861702251421934,0.958852194699338,1.03011913616515,1.09478593516508,1.13923546701856,0.632849340610207,0.643998403559411,0.825677194787833,1.16715694698765,0.261523895664166,0.350933295244614,0.102675379994442,-0.21020988069052,-0.369746198297163,-0.476464251260357,-0.28533863743025,-0.0805596826344974,1.12342630483826,1.26408619785701,0.675893946518157,0.282741861667353
"Laos",0.49945413268325,0.571616352845852,0.675495047996093,0.813050863339014,0.818819595770621,0.713162681410132,0.561660781295556,0.535235609446158,0.641882491024278,0.624393891666497,0.557630920646986,0.488712872657309,-0.642232182947496,-0.62872181214241,-0.405241925278224,0.156123360666263,0.975435737650258,1.71362689052831,2.04055179243371,2.69868769141758,2.08184034151417,0.705021633314707,0.0613918192191688,-0.611730236144145,0.71113923886953,0.636592796882721,0.566170151909814,1.08576113430476
"Luxembourg",-0.820327006896405,-0.828182723295986,-0.859217237006363,-0.998603546153546,-1.0092065695913,-1.00274868193302,-0.9507112006676,-0.995277563320728,-1.0750212181488,-1.04238383397487,-0.982637452592492,-0.864509302662497,0.181413293811232,0.0401882890278493,-0.0576707887220766,-0.155151442819384,-0.193950616222007,-0.0934023835458023,-0.0180696925940446,-0.0386618812366287,-0.0729252182766863,-0.0399458465897495,0.155485250736994,0.289747892122155,-1.09505702552687,-0.864130914328961,-1.27364042103754,-0.0126046811173656
"Marshall Islands",-0.197677870169744,-0.15341432949539,-0.163453378074033,-0.230410494942559,-0.130084096880044,0.214109471443018,0.693180539448063,0.719189286057217,0.284091140059109,-0.0190897951778695,-0.150454364099254,-0.215950293696776,-0.425066806523801,-0.358840790794545,-0.391649927090995,-0.5409482921128,-0.70338846247189,-0.828474982814325,-0.900868261490399,-0.893366835854168,-0.802922058038998,-0.621230778724288,-0.441043830354985,-0.416124355660965,0.391580561091692,0.295194013398318,0.635790537981486,-0.882845877934214
"Martinique",-0.197677870169744,-0.15341432949539,-0.163453378074033,-0.230410494942559,-0.130084096880044,0.214109471443018,0.693180539448063,0.719189286057217,0.284091140059109,-0.0190897951778695,-0.150454364099254,-0.215950293696776,-0.425066806523801,-0.358840790794545,-0.391649927090995,-0.5409482921128,-0.70338846247189,-0.828474982814325,-0.900868261490399,-0.893366835854168,-0.802922058038998,-0.621230778724288,-0.441043830354985,-0.416124355660965,0.142514433970395,-0.0150556017995936,0.552504853921406,-0.882845877934214
"Mexico",0.205311093545505,0.247048963514583,0.274129338963235,0.359633137295465,0.457271334551429,0.552629096597892,0.411046708150331,0.409284298724174,0.407986329815785,0.308148565054861,0.192747088741145,0.16586664075524,-0.6333549902246,-0.684520233235791,-0.747659638965089,-0.775631198095683,-0.504117053983597,0.141626550678844,0.440060447079454,0.446606857257822,0.631874605209137,-0.093018216139193,-0.620489656206504,-0.674948471482506,0.446863633747588,0.321342585480667,0.486635905814172,-0.312072997049506
"Mozambique",1.01080469305502,0.957192669188412,0.872358235507409,0.676038394628809,0.267407354873936,-0.263881371785731,-0.572046947958361,-0.297741389011984,0.332270160956997,0.795775051361413,0.981291845548854,1.02694101383227,1.66602067600369,1.72342062085987,1.24148335560429,-0.0157131441589306,-0.621603302248191,-0.705825942823657,-0.750127179340277,-0.822691400806472,-0.844805970988421,-0.666246555057992,-0.0657560901138852,1.36144523231846,0.657804526683337,0.623822113899713,0.427669342531304,0.0637205686937182
"Namibia",0.896646397160678,0.811299659322365,0.642371818742447,0.298553244074387,-0.391905930843858,-1.15366894854309,-1.5418441093798,-1.16874254181307,-0.286294949970121,0.393304814186513,0.697072094447743,0.869537160944925,-0.123444775403177,0.00493137411863826,-0.222116717608186,-0.734176313513462,-0.897717861868336,-0.891660659574923,-0.922374298499623,-0.934613340185487,-0.947046666194337,-0.854224772394362,-0.700858528909814,-0.521866475334203,0.208227614406807,0.144213889385587,0.191694603492806,-0.940745557699764
"Nicaragua",0.830384874299134,0.823492999298439,0.838263211989001,0.858131820477673,0.785442773324534,0.56679537693113,0.448340825415031,0.443765803723441,0.614412006027631,0.73570935681251,0.765332991854587,0.824316726090169,0.36116140102778,-0.236079580914346,-0.408670096293823,-0.354666180081215,1.20839104374238,2.6681734771299,2.70656320838675,2.08155580851596,2.44160601862216,2.59140352383114,1.45990516788796,1.09911867287914,0.86189168199014,0.928467752635483,0.540161131817949,1.94298958620688
"North Korea",-1.50388362295385,-1.58371584735903,-1.73634672074305,-1.97203512028398,-2.10564184881055,-2.05539607351108,-1.92870626067865,-2.13606769902327,-2.20454608700327,-2.02037940653805,-1.72595005757426,-1.52435730233573,0.249972260727209,0.0847084171556712,-0.0447588938640807,-0.297288607373854,-0.364577447845885,-0.146746677370399,-0.00764893182861829,0.118975431918925,0.27893124128013,0.296942116240236,0.249940059444279,0.336480604264887,-1.65858745687263,-1.38500076896968,-1.68446769577203,0.0737250576456468
"Norway",-1.50388362295385,-1.58371584735903,-1.73634672074305,-1.97203512028398,-2.10564184881055,-2.05539607351108,-1.92870626067865,-2.13606769902327,-2.20454608700327,-2.02037940653805,-1.72595005757426,-1.52435730233573,0.249972260727209,0.0847084171556712,-0.0447588938640807,-0.297288607373854,-0.364577447845885,-0.146746677370399,-0.00764893182861829,0.118975431918925,0.27893124128013,0.296942116240236,0.249940059444279,0.336480604264887,-1.91786478984036,-1.47845253512453,-2.26313112416454,0.0737250576456468
"Pakistan",-0.265213707962711,-0.176812414730174,0.0673473216670607,0.397521290063445,0.820840498049686,1.19951745954757,1.13313036948468,0.92932492227585,0.663334873388361,0.279931904280293,-0.0314229912558085,-0.218624497317915,-0.58020160167635,-0.517888087247509,-0.51399456796991,-0.659831650604468,-0.761570973848131,-0.728020181088008,-0.32365348018727,-0.369509921548792,-0.71956493670904,-0.870360057202682,-0.926191986230198,-0.820423413344891,0.310667026300257,-0.141886562918088,0.856309231183091,-0.906897445740634
"Panama",0.922494294954589,0.90042206651178,0.916359382754012,0.907640243517521,0.800332714873494,0.58609261834831,0.529995568226368,0.49244766704604,0.611127752894995,0.741349745555749,0.82078944888668,0.894498512272037,-0.0425615739261356,-0.312763995317157,-0.27703445635583,0.57682769129268,2.32112852286194,1.81575416209541,1.6129753780431,1.93611895979355,2.21682712748729,3.43062641761901,3.30642930020787,1.40301208109765,0.963847626193281,1.00456876551897,0.83766768610544,2.18180503370709
"Peru",0.590456254103871,0.53971970562002,0.421113878718317,0.226433198512846,-0.109336509948811,-0.536086335194488,-0.840550876718508,-0.694633869930034,-0.251350998948991,0.141210231539636,0.420968910519636,0.547845005317813,1.27815087379094,1.58780847022902,1.44109620093917,0.923344242311455,0.282176721637815,0.0237092775907319,-0.117291669042431,-0.234835343679108,0.119885093137427,0.542681426207747,0.77264051269919,1.23734710862203,0.19365417850098,0.433871156725789,-0.216761568380295,0.845033913746055
"Poland",-1.07548039131476,-1.06828112886752,-1.06412789313304,-1.08354083499665,-0.94815339919102,-0.930740765874394,-0.840570944394807,-0.920855768796084,-1.16869687051245,-1.18203087474709,-1.12141449131877,-1.06830046647146,-0.460449440698183,-0.493268288650944,-0.505291485480174,-0.467961366253526,-0.33139964525218,-0.141299637523811,-0.0116152257240174,-0.126521114588941,-0.34804271553074,-0.417976030083193,-0.430239557531038,-0.463185357279334,-1.23362536359391,-1.03939422180199,-1.38008962787563,-0.47321414933306
"Qatar",0.351702626920812,0.394044165478227,0.56752095010507,0.927241339099344,1.56559469191404,2.06242235452954,2.33775173632033,2.28853673751623,1.83451164402238,1.22734304437098,0.775781279004735,0.46502947309921,-0.742014252749457,-0.722907654866387,-0.757398429612788,-0.89374185125339,-0.914180811535546,-0.903858082264653,-0.926454676022258,-0.939870899533168,-0.968919495729948,-0.948617549262246,-0.961676454119453,-0.848443514459589,1.05521076073677,0.565162170696984,1.64287986092101,-1.23959820809887
"Russia",-2.83716184579345,-2.78240045804245,-2.72757621359048,-2.58895277966453,-2.33619665376513,-1.74276603313026,-1.44191419200046,-1.87984657596834,-2.37344799555534,-2.75205930824079,-3.00788182760574,-2.94305069036514,-0.651138253143691,-0.689191455613011,-0.701136032395196,-0.70554374605847,-0.579366672345593,-0.363005188001656,-0.242208984356827,-0.2445686162142,-0.411906123365762,-0.530714778193482,-0.625258738584664,-0.700337757429926,-2.59321563451723,-2.4994484955731,-2.19589803189356,-0.736181493089145
"Rwanda",0.505543367091575,0.465764132209186,0.341940102906335,0.1301160757995,-0.150083613072991,-0.499029315425461,-0.767586385824206,-0.589868438722515,-0.234106131733474,0.10236734713674,0.324638940794651,0.451239150300185,0.353343425624002,0.51952136147927,0.874040132599137,1.01949023548699,0.222839875530378,-0.547321956063626,-0.735451059012201,-0.478367415496413,0.18022515324722,0.371133479067554,0.798837853562737,0.654546569345224,0.113992862966838,0.511299925094043,-0.582116870600935,0.314533869733565
"Saudi Arabia",0.237624469899397,0.303545921586733,0.447131939504775,0.714491860806315,1.20316828104164,1.60922023799577,1.71544661572048,1.7583249181768,1.43392988403526,0.87686807292238,0.503523494142503,0.291156667253318,-0.820805632964251,-0.829423100583612,-0.778429657730284,-0.792700706685224,-0.839713250880064,-0.884760197603341,-0.88803087019294,-0.902190198988696,-0.956487467529878,-0.925687079821108,-0.909028318051222,-0.936488637173302,0.818933822597676,0.432003706362206,1.25614689981263,-1.22710677642115
"Senegal",0.89811925536411,0.998324645869149,1.12904058848412,1.32346983682598,1.5143219586052,1.43279472407938,1.10602494330514,0.947133560666427,1.07875802686381,1.22201739768297,1.0867656034603,0.909397294347389,-0.899483099571391,-0.904250289943235,-0.924262489909827,-0.984217969694377,-0.780076072757787,-0.0872018855329379,0.814440697764792,1.94356524057782,1.32662220531964,-0.212404005181327,-0.957667562967748,-1.02718758184116,1.1113752972217,0.957276724868713,1.2008573687249,-0.238393965789518
"Somalia",0.93977914990034,0.96598486969063,1.02895819317704,1.10452265563598,1.11928434264122,1.00795134441925,0.810122789907313,0.830193708554822,1.05593831897042,0.982418714059207,0.954892352201637,0.944261927125121,-0.867759250958083,-0.867744478369923,-0.757314399515299,-0.306505940525323,-0.382641402163361,-0.743093634673513,-0.790697597681101,-0.82803246104088,-0.810256131580069,-0.439642060545956,-0.558853766489655,-0.870129167061637,1.0367281155781,1.08359083206692,0.716900428612056,-0.957912407370328
"Suriname",0.937605972228524,0.886269195719367,0.859441360536643,0.832347278205129,0.759132558118449,0.6513057569982,0.553904703412259,0.648649572327268,0.834283294865056,0.943739950231381,0.99849765959463,0.981450053280454,1.68898069078714,1.63711369451048,2.11762582404296,2.75778724915803,2.98934974046296,2.38729194631881,1.74122536501843,0.792781455354141,-0.16254760021669,-0.321894580789452,0.100627521765427,1.33862799253802,0.910725813878568,1.05891127963355,0.526246518182397,2.02954275975511
"Sweden",-1.55890640742163,-1.60271594491791,-1.69742339569278,-1.84276283943304,-1.87958707244788,-1.71621242165221,-1.59035194935295,-1.84284729471448,-2.02787714155708,-1.8998815931359,-1.7372199875464,-1.5936770286146,-0.338318817491078,-0.4410295886099,-0.496847967735641,-0.554716397994717,-0.502069415923271,-0.280390393245528,-0.112784219359193,-0.0845126986851127,-0.223679131143861,-0.298418101230391,-0.293844862533694,-0.332661827304963,-1.83501583556305,-1.59388274626669,-1.85652291781993,-0.455723472289356
"Syria",-0.44239289297395,-0.383518667243985,-0.318761567920942,-0.148228949045506,0.210244690408973,0.711360343426864,1.14356082076463,1.14887645273316,0.677919500910167,0.179437435417871,-0.229687145267663,-0.424181782361971,-0.201300064477529,-0.241081708723239,-0.403267853757989,-0.575544902684504,-0.777032468034279,-0.883545572384974,-0.923854115588559,-0.937535754176972,-0.950639648334761,-0.761138184627626,-0.569170825434467,-0.311921574850119,-0.0560660881320092,-0.407703737020397,0.559127970598654,-0.914214924074828
"Thailand",0.805893743337437,0.902444042297485,1.03715265042146,1.18444057186055,1.12867072952327,0.972219406704964,0.830488795127285,0.811384162470647,0.902979813510114,0.909336136620868,0.842972236623528,0.775144575120062,-0.696460758132997,-0.661860296616312,-0.411749360740259,0.139968265292255,1.03461633410268,1.27630863123114,1.39546548370775,1.86988681770294,2.21537075251175,0.867091495675349,-0.0654028297579822,-0.622183965271102,1.03067418453354,0.894769311870045,1.09727081157956,0.853781439280598
"Tonga",1.026332401074,1.01966598191572,0.927814842138614,0.807342989067169,0.554117309287724,0.280464741683499,0.00734589607882679,0.00200227063733251,0.31833252488985,0.605102365566527,0.833961649044198,0.966126931746739,1.42172016010341,1.74611918644579,2.51055214324745,1.15537994228272,0.11488050007344,-0.0774965586366691,0.0392651857867436,0.282200281846542,0.357582977641983,0.234162717626682,0.650017227837135,0.881081293352209,0.735896161940958,0.845741421174316,0.445140916414075,1.01133870811389
"Tunisia",-0.149067590895587,-0.111919135508212,-0.0664312438165195,-0.0137465914016057,0.217803538722736,0.722062167368179,1.11930073826329,1.14633048189565,0.751614138756791,0.288571325028594,-0.00191164798506737,-0.126618782087417,-0.449494133010978,-0.510401992109222,-0.555664657452421,-0.702569264002037,-0.775582536773884,-0.829806321097688,-0.905099128200881,-0.881696703394703,-0.726400552935394,-0.57173577905404,-0.60019521640537,-0.548776763916933,0.124409474248444,-0.0497410163212862,0.485539308868582,-0.960675771623087
"Turkey",-0.914059425148052,-0.894914392652939,-0.874277594526818,-0.820752721592852,-0.732157980931262,-0.481344386876812,-0.0910956949771426,-0.0581668489490082,-0.399777357991923,-0.635246025914418,-0.769881939510957,-0.875621198044213,-0.0129433896667148,-0.0596711532027007,-0.163258425264389,-0.228931996270595,-0.350562048802768,-0.544958289080066,-0.766328322167045,-0.808521937885443,-0.733913831338443,-0.449631088727331,-0.21806616629357,0.0325133520126585,-0.63006191915679,-0.680162022809768,-0.418355821660981,-0.535260327807915
"Turkmenistan",-0.914059425148052,-0.894914392652939,-0.874277594526818,-0.820752721592852,-0.732157980931262,-0.481344386876812,-0.0910956949771426,-0.0581668489490082,-0.399777357991923,-0.635246025914418,-0.769881939510957,-0.875621198044213,-0.0129433896667148,-0.0596711532027007,-0.163258425264389,-0.228931996270595,-0.350562048802768,-0.544958289080066,-0.766328322167045,-0.808521937885443,-0.733913831338443,-0.449631088727331,-0.21806616629357,0.0325133520126585,-0.606466243115646,-0.783523668309268,-0.202343479562362,-0.535260327807915
"Tuvalu",1.1643742809922,1.11926692368272,1.09358163550394,1.10081521953655,1.11458126460638,1.03405383372803,0.947286621522455,0.975977088901481,1.09385391523571,1.12655809122541,1.16075814663708,1.18510109518578,3.65050954015314,3.42445295432556,2.99366880265069,2.22044224963136,1.33593370929426,1.35554483489135,1.5552482205534,1.49468180174898,1.44782029943693,1.82877882618307,2.50250468449983,3.54179299831941,1.18700906979926,1.27152896621661,0.825171415809324,3.09774729776288
"Uganda",0.79194756811899,0.780813590210871,0.701404450091089,0.528627668403314,0.300821259168974,0.0153057057792785,-0.248555215938608,-0.173851885484181,0.157580998674618,0.454881087905963,0.635034975704874,0.727475352198136,-0.401780782192938,-0.18245407032018,0.359162920272876,0.997346488510437,0.538147734592414,0.0464260360785812,0.0119985424741144,0.38559119398178,0.477212505647999,0.510793248266773,0.4043202293983,-0.179192778708817,0.49554558111381,0.747706403422578,-0.00556842451528857,0.356620626426275
"Ukraine",-1.23979231546786,-1.25181194189337,-1.1883455087921,-0.941468409173058,-0.67421390715719,-0.4993231964108,-0.381713886993337,-0.50130220513066,-0.951255346527191,-1.17163373989426,-1.18246286747209,-1.21055540745334,-0.433417841127448,-0.45100030375574,-0.514910517925169,-0.481573727887467,-0.392830024806442,-0.181925536963672,-0.198923719701953,-0.337035328580544,-0.44298654601455,-0.483984391759221,-0.445830131369478,-0.447838627234166,-1.16666468798449,-1.16135403845668,-1.02873422867817,-0.553000505316874
"Uzbekistan",-1.12436997498864,-1.06428976926826,-0.858999956135097,-0.438686631593762,0.00763590150444016,0.531271716930095,0.847598464337906,0.504684899215406,-0.255147848862863,-0.802877644525547,-1.00258875183864,-1.10084799900948,-0.629959913835865,-0.601710465443824,-0.503076118502096,-0.599501208705814,-0.720718226846315,-0.83261440212703,-0.895925839823772,-0.923451273748148,-0.941923766382371,-0.821273446653915,-0.76857609045711,-0.737072253847912,-0.613329182806476,-1.04625960868502,0.193732278964097,-1.06273462242345
"Venezuela",0.933229886934386,0.923462916617005,0.915430088058088,0.881065852586953,0.741862242612748,0.51060468166647,0.372509975087032,0.443441096110166,0.668541932221372,0.813984822922668,0.907503359396843,0.933162399018589,-0.289163315316156,-0.26530973755401,-0.145405584335765,0.65788753911629,1.41057862270258,2.17383420028328,2.21681115279941,2.05111247952873,1.42021483691504,0.985928104738175,0.800517821644846,0.184474475299762,0.94039457528474,1.00302903634136,0.717609312834186,1.42137723065403
"Yemen",0.462400243438945,0.477009089213026,0.48736157862195,0.63294389361412,0.816203629246732,1.02062091167453,0.818091395543549,0.795311527204973,0.816685608233526,0.544997594690226,0.456831715876574,0.484248894542533,-0.817909284865036,-0.804977466459343,-0.728388490776237,-0.710057862795628,-0.756200578727146,-0.805428143301017,-0.633161778940435,-0.652916782241763,-0.817557341019737,-0.88591410678353,-0.882727069806891,-0.907088744916878,0.643988815633365,0.561432724561293,0.665120187815033,-1.09568259788403
